{"stats":{"minecraft:mined":{"iceandfire:silver_ore":6,"minecraft:red_bed":1,"minecraft:mossy_cobblestone":2,"minecraft:stripped_dark_oak_log":2,"minecraft:crafting_table":5,"minecraft:spruce_trapdoor":2,"minecraft:grass_block":2,"minecraft:chest":1,"iceandfire:deepslate_silver_ore":1,"minecraft:tall_grass":2,"minecraft:deepslate_tile_stairs":1,"minecraft:wall_torch":2,"minecraft:skeleton_skull":1,"minecraft:iron_ore":33,"minecraft:fire":23,"minecraft:creeper_head":1,"minecraft:spruce_log":13,"minecraft:stripped_spruce_log":2,"minecraft:yellow_bed":1,"minecraft:stone_brick_stairs":1,"minecraft:red_wall_banner":1,"minecraft:grass":4,"minecraft:coal_ore":7,"minecraft:iron_bars":1,"minecraft:zombie_head":1,"minecraft:stone":15,"minecraft:cake":1,"minecraft:tripwire":2},"minecraft:killed":{"minecraft:zombie_villager":1,"minecraft:spider":1,"minecraft:creeper":1,"minecraft:zombie":6},"minecraft:killed_by":{"minecraft:creeper":1},"minecraft:picked_up":{"bakery:sandwich":1,"minecraft:crafting_table":5,"minecraft:creeper_head":1,"blue_skies:blue_journal":1,"minecraft:stone_brick_stairs":1,"minecraft:yellow_bed":1,"minecraft:gunpowder":1,"minecraft:red_bed":2,"minecraft:lantern":1,"minecraft:red_carpet":1,"minecraft:zombie_head":1,"minecraft:wheat_seeds":3,"minecraft:cobweb":3,"minecraft:spruce_trapdoor":2,"minecraft:scaffolding":1,"minecraft:raw_iron":33,"minecraft:black_candle":1,"minecraft:torch":2,"minecraft:stripped_spruce_log":2,"minecraft:red_banner":1,"tombstone:grave_dust":1,"minecraft:spruce_log":13,"minecraft:deepslate_tile_stairs":1,"minecraft:rotten_flesh":3,"minecraft:spruce_boat":1,"minecraft:bread":15,"minecraft:stripped_dark_oak_log":2,"minecraft:iron_bars":1,"minecraft:coal":2,"minecraft:skeleton_skull":1,"iceandfire:raw_silver":7,"minecraft:cobblestone":9},"minecraft:crafted":{"minecraft:cooked_beef":1,"minecraft:cooked_porkchop":3,"minecraft:crafting_table":1,"minecraft:spruce_planks":52,"minecraft:iron_helmet":1,"minecraft:wooden_pickaxe":1,"minecraft:cooked_chicken":5,"minecraft:bucket":1,"minecraft:stone_axe":1,"minecraft:air":0,"minecraft:cooked_mutton":1,"minecraft:emerald_block":3,"minecraft:shield":2,"minecraft:iron_axe":1,"minecraft:stick":12,"minecraft:iron_ingot":15,"minecraft:iron_pickaxe":1,"minecraft:stone_pickaxe":1,"minecraft:spruce_boat":1,"minecraft:cooked_rabbit":2},"minecraft:custom":{"minecraft:interact_with_furnace":26,"minecraft:interact_with_anvil":1,"minecraft:mob_kills":9,"minecraft:interact_with_crafting_table":13,"minecraft:open_barrel":9,"minecraft:eat_cake_slice":1,"minecraft:leave_game":6,"minecraft:time_since_death":63755,"minecraft:sleep_in_bed":6,"minecraft:climb_one_cm":3243,"minecraft:time_since_rest":16999,"minecraft:sprint_one_cm":324168,"minecraft:damage_taken":1586,"minecraft:walk_one_cm":228583,"minecraft:damage_dealt":2192,"minecraft:player_kills":1,"minecraft:swim_one_cm":21547,"minecraft:talked_to_villager":3,"minecraft:fly_one_cm":416369,"minecraft:open_chest":67,"minecraft:crouch_one_cm":1391,"minecraft:play_time":97496,"tombstone:undead_killed":7,"minecraft:deaths":1,"minecraft:sneak_time":492,"minecraft:walk_under_water_one_cm":16181,"minecraft:boat_one_cm":13950,"minecraft:jump":1907,"minecraft:interact_with_blast_furnace":1,"minecraft:walk_on_water_one_cm":10153,"minecraft:interact_with_smoker":13,"minecraft:total_world_time":97496,"minecraft:fall_one_cm":54366,"minecraft:horse_one_cm":710},"minecraft:used":{"minecraft:cooked_mutton":1,"minecraft:water_bucket":17,"minecraft:stone_pickaxe":22,"minecraft:spruce_planks":13,"minecraft:wooden_pickaxe":4,"minecraft:iron_sword":19,"minecraft:cooked_chicken":6,"minecraft:torch":1,"bakery:sandwich":1,"minecraft:crafting_table":5,"minecraft:red_bed":1,"minecraft:stripped_spruce_log":1,"minecraft:spruce_boat":1,"minecraft:lava_bucket":2,"minecraft:iron_axe":16,"minecraft:bread":18,"minecraft:iron_pickaxe":46,"minecraft:stone_axe":24,"minecraft:bucket":20,"tombstone:gift":1,"minecraft:cooked_beef":1}},"DataVersion":3465}