{"stats":{"minecraft:killed_by":{"minecraft:creeper":1},"minecraft:used":{"minecraft:water_bucket":5,"minecraft:stone_pickaxe":22,"minecraft:spruce_planks":13,"minecraft:wooden_pickaxe":4,"bakery:sandwich":1,"minecraft:crafting_table":5,"minecraft:stripped_spruce_log":1,"minecraft:spruce_boat":1,"minecraft:lava_bucket":2,"minecraft:iron_axe":16,"minecraft:bread":13,"minecraft:iron_pickaxe":22,"minecraft:stone_axe":24,"minecraft:bucket":8,"tombstone:gift":1},"minecraft:mined":{"iceandfire:silver_ore":1,"minecraft:mossy_cobblestone":2,"minecraft:stripped_dark_oak_log":2,"minecraft:crafting_table":5,"minecraft:spruce_trapdoor":2,"minecraft:grass_block":2,"minecraft:chest":1,"iceandfire:deepslate_silver_ore":1,"minecraft:deepslate_tile_stairs":1,"minecraft:wall_torch":1,"minecraft:iron_ore":24,"minecraft:fire":7,"minecraft:creeper_head":1,"minecraft:spruce_log":13,"minecraft:stripped_spruce_log":2,"minecraft:stone_brick_stairs":1,"minecraft:yellow_bed":1,"minecraft:red_wall_banner":1,"minecraft:grass":4,"minecraft:coal_ore":2,"minecraft:iron_bars":1,"minecraft:stone":11,"minecraft:cake":1},"minecraft:custom":{"minecraft:interact_with_furnace":26,"minecraft:mob_kills":6,"minecraft:interact_with_anvil":1,"minecraft:interact_with_crafting_table":12,"minecraft:open_barrel":8,"minecraft:eat_cake_slice":1,"minecraft:leave_game":3,"minecraft:time_since_death":27432,"minecraft:sleep_in_bed":3,"minecraft:climb_one_cm":2106,"minecraft:time_since_rest":542,"minecraft:sprint_one_cm":202832,"minecraft:damage_taken":994,"minecraft:walk_one_cm":145936,"minecraft:damage_dealt":1499,"minecraft:player_kills":1,"minecraft:swim_one_cm":18450,"minecraft:talked_to_villager":3,"minecraft:fly_one_cm":219094,"minecraft:open_chest":31,"minecraft:crouch_one_cm":1391,"minecraft:play_time":61173,"tombstone:undead_killed":4,"minecraft:deaths":1,"minecraft:sneak_time":433,"minecraft:walk_under_water_one_cm":13038,"minecraft:boat_one_cm":13950,"minecraft:jump":1031,"minecraft:interact_with_blast_furnace":1,"minecraft:walk_on_water_one_cm":8185,"minecraft:total_world_time":61173,"minecraft:fall_one_cm":26790,"minecraft:horse_one_cm":710},"minecraft:killed":{"minecraft:spider":1,"minecraft:creeper":1,"minecraft:zombie":4},"minecraft:crafted":{"minecraft:crafting_table":1,"minecraft:spruce_planks":52,"minecraft:wooden_pickaxe":1,"minecraft:iron_helmet":1,"minecraft:bucket":1,"minecraft:stone_axe":1,"minecraft:air":0,"minecraft:shield":2,"minecraft:iron_axe":1,"minecraft:stick":12,"minecraft:iron_ingot":15,"minecraft:iron_pickaxe":1,"minecraft:stone_pickaxe":1,"minecraft:spruce_boat":1},"minecraft:picked_up":{"bakery:sandwich":1,"minecraft:crafting_table":5,"minecraft:creeper_head":1,"blue_skies:blue_journal":1,"minecraft:stone_brick_stairs":1,"minecraft:yellow_bed":1,"minecraft:gunpowder":1,"minecraft:red_bed":1,"minecraft:lantern":1,"minecraft:wheat_seeds":3,"minecraft:cobweb":3,"minecraft:spruce_trapdoor":2,"minecraft:scaffolding":1,"minecraft:raw_iron":24,"minecraft:black_candle":1,"minecraft:torch":1,"minecraft:stripped_spruce_log":2,"minecraft:red_banner":1,"tombstone:grave_dust":1,"minecraft:spruce_log":13,"minecraft:deepslate_tile_stairs":1,"minecraft:rotten_flesh":3,"minecraft:spruce_boat":1,"minecraft:bread":15,"minecraft:stripped_dark_oak_log":2,"minecraft:iron_bars":1,"minecraft:coal":2,"iceandfire:raw_silver":2,"minecraft:cobblestone":9}},"DataVersion":3465}