{"stats":{"minecraft:dropped":{"minecraft:bread":78,"minecraft:iron_sword":2,"minecraft:wheat_seeds":13,"minecraft:glass_bottle":2,"minecraft:diamond":3,"minecraft:crafting_table":1,"minecraft:feather":1,"minecraft:apple":5,"bakery:sandwich":2,"friendsandfoes:totem_of_illusion":1,"iceandfire:dragon_flute":1,"ars_nouveau:worn_notebook":1,"blue_skies:blue_journal":1,"minecraft:torch":9,"minecraft:wooden_axe":1,"minecraft:potion":1,"minecraft:iron_leggings":2,"alexsmobs:animal_dictionary":1,"minecraft:rotten_flesh":3,"minecraft:cooked_mutton":5,"minecraft:spruce_boat":1,"minecraft:brown_carpet":4,"minecraft:arrow":2,"minecraft:stone_pickaxe":1},"minecraft:mined":{"minecraft:spruce_planks":2,"iceandfire:silver_ore":7,"minecraft:carved_pumpkin":1,"minecraft:grass_block":31,"minecraft:spruce_leaves":60,"ars_nouveau:sourceberry_bush":22,"farmersdelight:wild_onions":8,"minecraft:hay_block":25,"minecraft:fire":6,"ars_nouveau:bombegranate_pod":2,"minecraft:bookshelf":4,"minecraft:potatoes":11,"minecraft:iron_bars":2,"crittersandcompanions:silk_cocoon":1,"minecraft:stone":73,"minecraft:orange_bed":1,"minecraft:brown_carpet":4,"minecraft:dandelion":7,"minecraft:clay":8,"minecraft:crafting_table":6,"minecraft:calcite":1,"minecraft:poppy":7,"minecraft:stone_slab":3,"minecraft:tall_grass":339,"minecraft:sugar_cane":1,"minecraft:wall_torch":3,"minecraft:sweet_berry_bush":5,"minecraft:spruce_log":36,"minecraft:yellow_bed":1,"minecraft:grass":905,"minecraft:coal_ore":71,"minecraft:sand":4,"minecraft:dirt":11,"minecraft:oak_leaves":2,"minecraft:fern":4},"minecraft:killed":{"alexsmobs:lobster":4,"alexsmobs:raccoon":1,"minecraft:spider":1,"minecraft:skeleton":1,"minecraft:horse":1,"alexsmobs:banana_slug":2,"iceandfire:fire_dragon":1,"minecraft:chicken":1,"minecraft:pig":1,"minecraft:sheep":3,"minecraft:zombie":4,"alexsmobs:crow":1,"minecraft:enderman":1},"minecraft:killed_by":{"minecraft:witch":1,"iceandfire:fire_dragon":3,"minecraft:illusioner":1},"minecraft:crafted":{"iceandfire:dragon_stick":1,"minecraft:furnace":1,"iceandfire:dragon_flute":2,"minecraft:bone_meal":6,"minecraft:cooked_mutton":11,"astikorcarts:animal_cart":1,"minecraft:stone_pickaxe":1,"minecraft:chest":4,"minecraft:spruce_boat":2,"astikorcarts:wheel":2,"sophisticatedbackpacks:iron_backpack":1,"minecraft:wheat":378,"blue_skies:blue_journal":2,"sophisticatedbackpacks:backpack":2,"bakery:sandwich":2,"iceandfire:silver_ingot":4,"minecraft:cooked_porkchop":2,"minecraft:crafting_table":3,"minecraft:spruce_planks":180,"iceandfire:dragon_meal":1,"minecraft:wooden_pickaxe":1,"minecraft:baked_potato":8,"minecraft:spruce_door":3,"sophisticatedbackpacks:gold_backpack":1,"minecraft:bucket":1,"minecraft:campfire":1,"minecraft:stone_axe":2,"minecraft:bread":91,"minecraft:air":0,"minecraft:wooden_hoe":1,"minecraft:shield":1,"minecraft:stick":40,"minecraft:iron_ingot":6,"minecraft:wooden_axe":1,"minecraft:gold_ingot":10,"minecraft:white_bed":2,"minecraft:torch":84},"minecraft:picked_up":{"minecraft:wooden_axe":1,"minecraft:crafting_table":5,"minecraft:iron_chestplate":1,"minecraft:allium":14,"minecraft:chicken":1,"minecraft:clay_ball":34,"minecraft:stone_slab":4,"minecraft:wooden_pickaxe":1,"friendsandfoes:totem_of_illusion":2,"ars_nouveau:bombegranate_pod":4,"iceandfire:manuscript":7,"minecraft:string":15,"minecraft:iron_leggings":2,"minecraft:white_carpet":1,"minecraft:cracked_stone_bricks":1,"minecraft:gold_nugget":54,"minecraft:spruce_planks":2,"minecraft:calcite":3,"minecraft:poppy":7,"minecraft:light_gray_wool":1,"alexsmobs:raccoon_tail":1,"minecraft:sugar_cane":1,"crittersandcompanions:clam":1,"minecraft:golden_helmet":1,"minecraft:stick":2,"minecraft:raw_iron":2,"iceandfire:dragonbone":8,"iceandfire:dragonscales_gray":12,"minecraft:torch":14,"minecraft:porkchop":4,"astikorcarts:animal_cart":1,"minecraft:dark_oak_planks":1,"minecraft:brown_carpet":4,"minecraft:orange_bed":1,"minecraft:arrow":5,"minecraft:rotten_flesh":15,"farmersdelight:onion":7,"minecraft:golden_hoe":1,"ars_nouveau:worn_notebook":1,"minecraft:hay_block":25,"crittersandcompanions:silk":9,"iceandfire:fire_dragon_heart":1,"minecraft:carved_pumpkin":1,"ars_nouveau:whirlisprig_shards":1,"ars_nouveau:sourceberry_bush":49,"minecraft:mutton":11,"minecraft:iron_bars":2,"alexsmobs:lobster_tail":4,"minecraft:white_wool":6,"minecraft:cobblestone":73,"minecraft:magma_block":1,"minecraft:feather":4,"minecraft:cooked_beef":5,"minecraft:leather":9,"minecraft:potato":42,"minecraft:gunpowder":2,"minecraft:cobblestone_stairs":1,"minecraft:dirt":88,"minecraft:paper":4,"minecraft:name_tag":1,"minecraft:bone":7,"minecraft:stone_bricks":4,"minecraft:wheat_seeds":106,"minecraft:rabbit_hide":4,"minecraft:iron_ingot":7,"minecraft:stone_pickaxe":1,"minecraft:cooked_chicken":1,"minecraft:mossy_stone_bricks":1,"minecraft:glass_bottle":2,"iceandfire:fire_dragon_flesh":5,"minecraft:iron_sword":2,"minecraft:dark_oak_stairs":1,"minecraft:book":17,"minecraft:emerald_block":2,"minecraft:cooked_porkchop":1,"minecraft:sweet_berries":7,"minecraft:lime_terracotta":4,"minecraft:dandelion":6,"minecraft:gravel":1,"iceandfire:dragon_skull_fire":1,"minecraft:sand":4,"minecraft:spruce_sapling":4,"minecraft:grass_block":1,"minecraft:spruce_log":48,"alexsmobs:animal_dictionary":1,"minecraft:sugar":1,"minecraft:diamond":5,"minecraft:spruce_boat":5,"minecraft:painting":3,"minecraft:gray_wool":1,"minecraft:emerald":14,"minecraft:bread":18,"alexsmobs:banana_slug_slime":4,"minecraft:coal":70,"iceandfire:raw_silver":7,"minecraft:ender_pearl":1},"minecraft:custom":{"minecraft:inspect_dropper":1,"minecraft:mob_kills":25,"minecraft:interact_with_crafting_table":59,"minecraft:open_barrel":10,"minecraft:interact_with_campfire":3,"minecraft:leave_game":5,"minecraft:time_since_death":134001,"minecraft:climb_one_cm":8409,"minecraft:sprint_one_cm":463198,"minecraft:walk_one_cm":966178,"minecraft:damage_blocked_by_shield":70,"minecraft:drop":137,"minecraft:talked_to_villager":4,"minecraft:play_time":267518,"minecraft:deaths":6,"minecraft:sneak_time":3471,"minecraft:walk_under_water_one_cm":18299,"minecraft:boat_one_cm":419251,"minecraft:interact_with_brewingstand":1,"minecraft:jump":2678,"minecraft:walk_on_water_one_cm":64679,"minecraft:total_world_time":267518,"minecraft:interact_with_furnace":31,"minecraft:traded_with_villager":2,"minecraft:sleep_in_bed":9,"minecraft:time_since_rest":26328,"minecraft:damage_taken":3076,"minecraft:damage_dealt":4064,"minecraft:swim_one_cm":76851,"minecraft:fly_one_cm":757872,"minecraft:open_chest":153,"minecraft:crouch_one_cm":10099,"tombstone:undead_killed":5,"minecraft:interact_with_smoker":1,"minecraft:inspect_dispenser":1,"minecraft:fall_one_cm":45516},"minecraft:used":{"minecraft:writable_book":1,"minecraft:iron_bars":2,"minecraft:poppy":7,"minecraft:chest":2,"minecraft:shield":1,"minecraft:iron_sword":136,"astikorcarts:animal_cart":2,"minecraft:cooked_chicken":1,"minecraft:orange_bed":1,"minecraft:iron_chestplate":1,"minecraft:torch":81,"minecraft:dirt":86,"minecraft:carrot":1,"minecraft:allium":14,"minecraft:wooden_axe":51,"minecraft:spruce_boat":6,"friendsandfoes:totem_of_illusion":1,"minecraft:lantern":1,"minecraft:grass_block":1,"minecraft:stone_bricks":4,"minecraft:bow":5,"minecraft:sweet_berries":7,"minecraft:furnace":1,"tombstone:gift":2,"hamsters:hamster":3,"minecraft:potato":25,"minecraft:cooked_beef":2,"minecraft:iron_leggings":1,"minecraft:calcite":1,"minecraft:cooked_mutton":2,"minecraft:mossy_stone_bricks":1,"minecraft:cobblestone_stairs":1,"minecraft:spruce_door":1,"minecraft:baked_potato":7,"minecraft:stone_pickaxe":99,"minecraft:wooden_pickaxe":58,"minecraft:sugar_cane":1,"minecraft:lime_terracotta":3,"minecraft:sand":4,"minecraft:crafting_table":6,"minecraft:white_bed":2,"minecraft:campfire":1,"minecraft:painting":3,"minecraft:wooden_hoe":9,"minecraft:bread":27,"minecraft:stone_slab":4,"minecraft:golden_helmet":1,"minecraft:stone_axe":166,"minecraft:potion":1,"minecraft:cobblestone":2,"minecraft:cooked_porkchop":1,"minecraft:bucket":1,"minecraft:dandelion":5,"minecraft:bone_meal":6},"minecraft:broken":{"minecraft:stone_axe":2,"minecraft:iron_sword":1,"minecraft:wooden_axe":1}},"DataVersion":3465}