{"stats":{"minecraft:killed_by":{"minecraft:witch":1,"iceandfire:fire_dragon":3,"minecraft:illusioner":1},"minecraft:used":{"minecraft:writable_book":1,"minecraft:iron_bars":2,"minecraft:poppy":7,"minecraft:chest":2,"minecraft:iron_sword":109,"minecraft:cooked_chicken":1,"minecraft:iron_chestplate":1,"minecraft:orange_bed":1,"minecraft:torch":30,"minecraft:dirt":55,"minecraft:wooden_axe":23,"minecraft:spruce_boat":2,"friendsandfoes:totem_of_illusion":1,"minecraft:stone_bricks":4,"minecraft:bow":5,"minecraft:furnace":1,"tombstone:gift":2,"minecraft:cooked_beef":1,"minecraft:potato":14,"minecraft:iron_leggings":1,"minecraft:calcite":1,"minecraft:cooked_mutton":2,"minecraft:mossy_stone_bricks":1,"minecraft:cobblestone_stairs":1,"minecraft:spruce_door":1,"minecraft:baked_potato":7,"minecraft:stone_pickaxe":57,"minecraft:wooden_pickaxe":58,"minecraft:lime_terracotta":3,"minecraft:crafting_table":6,"minecraft:white_bed":2,"minecraft:campfire":1,"minecraft:painting":3,"minecraft:wooden_hoe":9,"minecraft:bread":9,"minecraft:stone_slab":4,"minecraft:golden_helmet":1,"minecraft:stone_axe":164,"minecraft:cobblestone":2,"minecraft:potion":1,"minecraft:cooked_porkchop":1,"minecraft:bucket":1,"minecraft:dandelion":5,"minecraft:bone_meal":6},"minecraft:mined":{"minecraft:spruce_planks":2,"iceandfire:silver_ore":5,"minecraft:carved_pumpkin":1,"minecraft:grass_block":26,"minecraft:spruce_leaves":60,"ars_nouveau:sourceberry_bush":22,"minecraft:hay_block":7,"minecraft:fire":6,"ars_nouveau:bombegranate_pod":2,"minecraft:potatoes":4,"minecraft:iron_bars":2,"crittersandcompanions:silk_cocoon":1,"minecraft:stone":65,"minecraft:orange_bed":1,"minecraft:brown_carpet":4,"minecraft:dandelion":5,"minecraft:clay":8,"minecraft:crafting_table":6,"minecraft:calcite":1,"minecraft:poppy":7,"minecraft:stone_slab":3,"minecraft:tall_grass":27,"minecraft:wall_torch":1,"minecraft:spruce_log":36,"minecraft:yellow_bed":1,"minecraft:grass":45,"minecraft:coal_ore":39,"minecraft:dirt":8,"minecraft:oak_leaves":1,"minecraft:fern":2},"minecraft:custom":{"minecraft:inspect_dropper":1,"minecraft:mob_kills":20,"minecraft:interact_with_crafting_table":50,"minecraft:open_barrel":9,"minecraft:interact_with_campfire":3,"minecraft:leave_game":3,"minecraft:time_since_death":43100,"minecraft:climb_one_cm":2864,"minecraft:sprint_one_cm":324859,"minecraft:walk_one_cm":541373,"minecraft:drop":53,"minecraft:talked_to_villager":4,"minecraft:play_time":176617,"minecraft:deaths":6,"minecraft:sneak_time":2122,"minecraft:walk_under_water_one_cm":16098,"minecraft:boat_one_cm":99430,"minecraft:interact_with_brewingstand":1,"minecraft:jump":1710,"minecraft:walk_on_water_one_cm":49416,"minecraft:total_world_time":176617,"minecraft:interact_with_furnace":24,"minecraft:traded_with_villager":2,"minecraft:sleep_in_bed":7,"minecraft:time_since_rest":40701,"minecraft:damage_taken":2393,"minecraft:damage_dealt":3436,"minecraft:swim_one_cm":63938,"minecraft:fly_one_cm":653358,"minecraft:open_chest":94,"minecraft:crouch_one_cm":6386,"tombstone:undead_killed":4,"minecraft:fall_one_cm":28031,"minecraft:inspect_dispenser":1},"minecraft:broken":{"minecraft:stone_axe":1},"minecraft:killed":{"alexsmobs:lobster":4,"alexsmobs:raccoon":1,"minecraft:spider":1,"minecraft:skeleton":1,"minecraft:horse":1,"alexsmobs:banana_slug":2,"iceandfire:fire_dragon":1,"minecraft:chicken":1,"minecraft:pig":1,"minecraft:sheep":3,"minecraft:zombie":3},"minecraft:crafted":{"iceandfire:dragon_stick":1,"minecraft:furnace":1,"iceandfire:dragon_flute":2,"minecraft:bone_meal":6,"minecraft:cooked_mutton":11,"minecraft:stone_pickaxe":1,"minecraft:chest":4,"minecraft:spruce_boat":2,"minecraft:wheat":108,"blue_skies:blue_journal":2,"sophisticatedbackpacks:backpack":2,"bakery:sandwich":2,"iceandfire:silver_ingot":1,"minecraft:cooked_porkchop":2,"minecraft:crafting_table":3,"minecraft:spruce_planks":132,"iceandfire:dragon_meal":1,"minecraft:wooden_pickaxe":1,"minecraft:baked_potato":8,"minecraft:spruce_door":3,"minecraft:bucket":1,"minecraft:campfire":1,"minecraft:stone_axe":2,"minecraft:bread":39,"minecraft:air":0,"minecraft:wooden_hoe":1,"minecraft:shield":1,"minecraft:stick":24,"minecraft:iron_ingot":5,"minecraft:wooden_axe":1,"minecraft:gold_ingot":10,"minecraft:white_bed":2,"minecraft:torch":36},"minecraft:picked_up":{"minecraft:wooden_axe":1,"minecraft:crafting_table":5,"minecraft:iron_chestplate":1,"minecraft:chicken":1,"minecraft:clay_ball":34,"minecraft:stone_slab":4,"friendsandfoes:totem_of_illusion":2,"minecraft:wooden_pickaxe":1,"ars_nouveau:bombegranate_pod":4,"iceandfire:manuscript":7,"minecraft:string":13,"minecraft:iron_leggings":2,"minecraft:cracked_stone_bricks":1,"minecraft:gold_nugget":54,"minecraft:spruce_planks":2,"minecraft:calcite":3,"minecraft:poppy":7,"minecraft:light_gray_wool":1,"alexsmobs:raccoon_tail":1,"crittersandcompanions:clam":1,"minecraft:golden_helmet":1,"minecraft:stick":2,"minecraft:raw_iron":2,"iceandfire:dragonscales_gray":12,"iceandfire:dragonbone":8,"minecraft:torch":9,"minecraft:porkchop":4,"minecraft:dark_oak_planks":1,"minecraft:brown_carpet":4,"minecraft:orange_bed":1,"minecraft:arrow":5,"minecraft:rotten_flesh":14,"minecraft:golden_hoe":1,"minecraft:hay_block":7,"crittersandcompanions:silk":9,"iceandfire:fire_dragon_heart":1,"minecraft:carved_pumpkin":1,"ars_nouveau:whirlisprig_shards":1,"ars_nouveau:sourceberry_bush":49,"minecraft:mutton":11,"minecraft:cobblestone":65,"minecraft:iron_bars":2,"alexsmobs:lobster_tail":4,"minecraft:white_wool":6,"minecraft:magma_block":1,"minecraft:feather":4,"minecraft:cooked_beef":5,"minecraft:leather":9,"minecraft:potato":17,"minecraft:gunpowder":2,"minecraft:cobblestone_stairs":1,"minecraft:dirt":65,"minecraft:paper":4,"minecraft:name_tag":1,"minecraft:bone":7,"minecraft:stone_bricks":4,"minecraft:wheat_seeds":5,"minecraft:rabbit_hide":4,"minecraft:iron_ingot":3,"minecraft:cooked_chicken":1,"minecraft:mossy_stone_bricks":1,"minecraft:glass_bottle":1,"iceandfire:fire_dragon_flesh":5,"minecraft:dark_oak_stairs":1,"minecraft:book":5,"minecraft:cooked_porkchop":1,"minecraft:lime_terracotta":4,"minecraft:dandelion":5,"minecraft:gravel":1,"iceandfire:dragon_skull_fire":1,"minecraft:spruce_sapling":4,"minecraft:spruce_log":48,"minecraft:sugar":1,"minecraft:diamond":4,"minecraft:painting":3,"minecraft:gray_wool":1,"minecraft:emerald":6,"minecraft:bread":1,"alexsmobs:banana_slug_slime":4,"iceandfire:raw_silver":5,"minecraft:coal":38},"minecraft:dropped":{"minecraft:bread":20,"minecraft:wheat_seeds":4,"minecraft:glass_bottle":1,"minecraft:diamond":3,"minecraft:crafting_table":1,"minecraft:feather":1,"bakery:sandwich":2,"friendsandfoes:totem_of_illusion":1,"iceandfire:dragon_flute":1,"blue_skies:blue_journal":1,"minecraft:torch":6,"minecraft:wooden_axe":1,"minecraft:iron_leggings":2,"minecraft:rotten_flesh":2,"minecraft:cooked_mutton":5,"minecraft:brown_carpet":4,"minecraft:arrow":2}},"DataVersion":3465}