{"stats":{"minecraft:dropped":{"minecraft:allium":1},"minecraft:mined":{"minecraft:seagrass":9,"minecraft:tall_seagrass":8,"minecraft:mossy_cobblestone":1,"minecraft:kelp_plant":38,"minecraft:iron_ore":5,"minecraft:cobbled_deepslate":5,"minecraft:sweet_berry_bush":11,"minecraft:crafting_table":1,"minecraft:torch":5,"minecraft:allium":1,"minecraft:oak_log":29,"minecraft:grass_block":4,"minecraft:deepslate_iron_ore":10,"minecraft:gravel":3,"minecraft:dirt":12,"minecraft:copper_ore":3,"minecraft:cobblestone":3,"minecraft:stone":158,"minecraft:kelp":10,"minecraft:oak_leaves":2,"minecraft:deepslate":25},"minecraft:killed":{"minecraft:cow":1},"minecraft:killed_by":{"minecraft:skeleton":1,"minecraft:zombie":1},"minecraft:crafted":{"minecraft:oak_planks":116,"minecraft:wooden_shovel":1,"minecraft:crafting_table":1,"minecraft:stick":8,"minecraft:stone_pickaxe":3,"minecraft:wooden_pickaxe":1,"minecraft:wooden_axe":1,"minecraft:chest":2},"minecraft:picked_up":{"minecraft:raw_iron":15,"minecraft:stick":4,"minecraft:crafting_table":1,"minecraft:allium":2,"minecraft:sweet_berries":15,"minecraft:leather":2,"minecraft:torch":5,"minecraft:gravel":3,"minecraft:oak_log":29,"minecraft:mossy_cobblestone":1,"minecraft:dirt":15,"minecraft:raw_copper":12,"minecraft:kelp":169,"minecraft:cobbled_deepslate":29,"minecraft:beef":1,"minecraft:oak_sapling":6,"minecraft:cobblestone":159},"minecraft:custom":{"minecraft:time_since_rest":11459,"minecraft:sprint_one_cm":76938,"minecraft:damage_taken":660,"minecraft:walk_one_cm":95379,"minecraft:mob_kills":1,"minecraft:drop":1,"minecraft:damage_dealt":110,"minecraft:interact_with_crafting_table":7,"minecraft:swim_one_cm":30623,"minecraft:fly_one_cm":50851,"minecraft:open_chest":15,"minecraft:crouch_one_cm":3299,"minecraft:play_time":31240,"minecraft:deaths":2,"minecraft:sneak_time":1293,"minecraft:walk_under_water_one_cm":9594,"minecraft:jump":495,"minecraft:leave_game":2,"minecraft:walk_on_water_one_cm":12707,"minecraft:time_since_death":11843,"minecraft:total_world_time":31240,"minecraft:fall_one_cm":9027},"minecraft:used":{"minecraft:wooden_axe":18,"minecraft:stone_pickaxe":201,"minecraft:oak_planks":28,"minecraft:chest":2,"minecraft:wooden_pickaxe":15,"minecraft:wooden_shovel":10,"minecraft:torch":3,"minecraft:dirt":2,"minecraft:cobblestone":12,"minecraft:beef":1,"minecraft:sweet_berries":17,"minecraft:crafting_table":2,"minecraft:allium":1,"tombstone:gift":1}},"DataVersion":3465}