{"stats":{"minecraft:mined":{"minecraft:cobblestone_stairs":2,"minecraft:spruce_trapdoor":1,"minecraft:grass_block":10,"minecraft:decorated_pot":1,"minecraft:spruce_leaves":22,"minecraft:hay_block":12,"minecraft:magma_block":1,"minecraft:fire":6,"iceandfire:gold_pile":6,"minecraft:iron_bars":2,"crittersandcompanions:silk_cocoon":1,"minecraft:stone":63,"minecraft:tripwire":6,"minecraft:brown_mushroom":11,"minecraft:red_bed":1,"minecraft:dandelion":1,"minecraft:crafting_table":1,"minecraft:andesite_wall":1,"minecraft:tall_grass":30,"minecraft:cobblestone":4,"minecraft:wall_torch":4,"minecraft:purple_bed":1,"minecraft:cobblestone_wall":1,"minecraft:sweet_berry_bush":26,"minecraft:creeper_head":1,"minecraft:spruce_log":7,"minecraft:birch_leaves":1,"minecraft:grass":72,"minecraft:coal_ore":25,"minecraft:oak_fence_gate":2,"minecraft:zombie_head":1,"minecraft:gravel":3,"minecraft:dirt":13,"minecraft:cobweb":7,"minecraft:stone_bricks":3,"minecraft:mossy_stone_bricks":1,"minecraft:oak_leaves":2,"minecraft:fern":4},"minecraft:custom":{"minecraft:inspect_dropper":1,"minecraft:mob_kills":40,"minecraft:interact_with_crafting_table":16,"minecraft:open_barrel":8,"minecraft:interact_with_campfire":14,"minecraft:leave_game":6,"minecraft:time_since_death":25732,"minecraft:climb_one_cm":6586,"minecraft:sprint_one_cm":988799,"minecraft:walk_one_cm":561897,"minecraft:drop":93,"minecraft:talked_to_villager":6,"minecraft:play_time":271023,"minecraft:sneak_time":1749,"minecraft:deaths":7,"minecraft:walk_under_water_one_cm":17597,"minecraft:boat_one_cm":79927,"minecraft:jump":5675,"minecraft:walk_on_water_one_cm":28719,"minecraft:total_world_time":271023,"minecraft:interact_with_furnace":8,"minecraft:traded_with_villager":1,"minecraft:sleep_in_bed":10,"minecraft:time_since_rest":12331,"minecraft:damage_taken":5192,"minecraft:damage_dealt":6065,"minecraft:swim_one_cm":172849,"minecraft:fly_one_cm":2102171,"minecraft:open_chest":87,"minecraft:crouch_one_cm":3452,"tombstone:undead_killed":17,"minecraft:fall_one_cm":167798,"minecraft:inspect_dispenser":1,"minecraft:horse_one_cm":303},"minecraft:crafted":{"minecraft:oak_planks":4,"minecraft:stone_pickaxe":1,"minecraft:wheat":108,"blue_skies:blue_journal":1,"minecraft:spruce_planks":32,"minecraft:wooden_pickaxe":1,"minecraft:iron_helmet":1,"minecraft:stone_axe":1,"minecraft:bread":36,"minecraft:iron_chestplate":1,"minecraft:stick":8,"minecraft:stone_sword":1},"minecraft:used":{"minecraft:stone_sword":93,"minecraft:spruce_planks":25,"minecraft:iron_sword":94,"minecraft:torch":4,"minecraft:dirt":23,"minecraft:white_carpet":1,"minecraft:wooden_axe":4,"minecraft:lantern":1,"minecraft:iron_helmet":1,"minecraft:bow":36,"minecraft:sweet_berries":38,"tombstone:gift":4,"minecraft:cooked_beef":4,"minecraft:calcite":1,"minecraft:cooked_mutton":7,"minecraft:stone_pickaxe":41,"minecraft:baked_potato":1,"minecraft:oak_planks":4,"minecraft:brown_mushroom":9,"minecraft:wooden_pickaxe":12,"bakery:sandwich":1,"minecraft:crafting_table":3,"minecraft:painting":3,"tombstone:bag_of_seeds":1,"minecraft:diamond_pickaxe":69,"minecraft:apple":13,"minecraft:bread":65,"tombstone:magic_scroll":1,"minecraft:stone_slab":1,"minecraft:spruce_trapdoor":1,"minecraft:spruce_sapling":3,"minecraft:gravel":2,"minecraft:stone_axe":23,"minecraft:purple_bed":1,"minecraft:cobblestone":49,"minecraft:yellow_bed":1},"minecraft:picked_up":{"minecraft:wooden_axe":3,"minecraft:crafting_table":3,"minecraft:creeper_head":1,"minecraft:clay_ball":3,"minecraft:brown_mushroom":11,"minecraft:stone_slab":1,"friendsandfoes:totem_of_illusion":2,"minecraft:stone_brick_wall":1,"minecraft:stone_brick_stairs":1,"minecraft:brick":4,"minecraft:string":8,"minecraft:iron_leggings":1,"minecraft:white_carpet":1,"minecraft:zombie_head":1,"minecraft:gold_nugget":54,"minecraft:beef":13,"minecraft:calcite":1,"minecraft:light_gray_wool":1,"alexsmobs:raccoon_tail":2,"crittersandcompanions:clam":1,"minecraft:spruce_trapdoor":1,"iceandfire:dragonscales_gray":9,"minecraft:torch":11,"minecraft:spruce_stairs":3,"minecraft:porkchop":3,"tombstone:grave_dust":2,"minecraft:green_terracotta":3,"minecraft:arrow":6,"minecraft:rotten_flesh":19,"minecraft:hay_block":12,"iceandfire:fire_dragon_heart":1,"ars_nouveau:whirlisprig_shards":1,"minecraft:mutton":7,"minecraft:iron_bars":2,"minecraft:white_wool":6,"minecraft:cobblestone":65,"bakery:sandwich":1,"minecraft:feather":2,"minecraft:cooked_beef":13,"minecraft:leather":3,"minecraft:stripped_spruce_wood":1,"minecraft:oak_log":1,"minecraft:yellow_bed":1,"minecraft:gunpowder":2,"minecraft:cobblestone_stairs":1,"minecraft:dirt":40,"minecraft:lantern":1,"minecraft:cooked_mutton":6,"minecraft:bone":8,"minecraft:apple":5,"minecraft:stone_bricks":4,"minecraft:wheat_seeds":16,"minecraft:rabbit_hide":2,"minecraft:stone_pickaxe":2,"tombstone:bag_of_seeds":1,"minecraft:mossy_stone_bricks":2,"minecraft:iron_sword":1,"minecraft:book":2,"minecraft:cooked_porkchop":1,"minecraft:sweet_berries":44,"iceandfire:ash":1,"minecraft:dandelion":1,"minecraft:gravel":4,"minecraft:spruce_sapling":4,"minecraft:spruce_log":7,"minecraft:green_carpet":3,"iceandfire:dragon_flute":1,"minecraft:purple_bed":1,"minecraft:sugar":1,"minecraft:diamond":2,"minecraft:stone_axe":1,"minecraft:iron_helmet":1,"minecraft:painting":3,"minecraft:bread":52,"alexsmobs:banana_slug_slime":2,"tombstone:magic_scroll":1,"minecraft:oak_sapling":1,"minecraft:black_wool":1,"minecraft:coal":26,"minecraft:diamond_pickaxe":1},"minecraft:killed_by":{"minecraft:player":1,"iceandfire:fire_dragon":4,"minecraft:illusioner":1},"minecraft:dropped":{"minecraft:iron_ingot":7,"minecraft:bread":23,"twilightforest:magic_beans":1,"minecraft:porkchop":2,"minecraft:wheat_seeds":2,"minecraft:cooked_beef":29,"crittersandcompanions:clam":1,"alexsmobs:banana_slug_slime":2,"minecraft:diamond":5,"minecraft:cooked_porkchop":1,"minecraft:iron_helmet":1,"minecraft:feather":2,"minecraft:book":5,"minecraft:leather":7,"friendsandfoes:totem_of_illusion":2,"minecraft:stick":1,"minecraft:emerald":14,"artifacts:night_vision_goggles":1,"minecraft:dirt":1,"minecraft:torch":7,"minecraft:mutton":7,"minecraft:wooden_axe":3,"minecraft:iron_leggings":1,"minecraft:gold_nugget":54,"minecraft:golden_hoe":1,"iceandfire:ash":1,"minecraft:sugar":1,"minecraft:paper":4,"minecraft:string":8,"alexsmobs:raccoon_tail":2,"minecraft:white_wool":5,"minecraft:spruce_sapling":1,"minecraft:bone":2,"iceandfire:dragonscales_gray":9,"minecraft:stone_axe":2,"minecraft:emerald_block":2,"ars_nouveau:whirlisprig_shards":2,"minecraft:raw_iron":2,"minecraft:rotten_flesh":19,"minecraft:clay_ball":3,"minecraft:cooked_mutton":1,"minecraft:rabbit_hide":4,"minecraft:gunpowder":2,"minecraft:iron_chestplate":1,"minecraft:diamond_pickaxe":1,"minecraft:mossy_stone_bricks":1,"minecraft:stone_bricks":4,"iceandfire:fire_dragon_heart":1,"minecraft:arrow":1,"minecraft:iron_bars":2,"minecraft:wooden_pickaxe":1,"minecraft:stone_pickaxe":3,"iceandfire:manuscript":7},"minecraft:killed":{"alexsmobs:lobster":1,"minecraft:spider":1,"alexsmobs:seagull":1,"minecraft:horse":4,"minecraft:skeleton":5,"minecraft:drowned":1,"minecraft:pig":2,"minecraft:sheep":8,"minecraft:zombie":11,"minecraft:cow":6}},"DataVersion":3465}