{"stats":{"minecraft:killed_by":{"minecraft:player":1,"iceandfire:fire_dragon":4,"minecraft:illusioner":1},"minecraft:used":{"minecraft:stone_sword":93,"minecraft:spruce_planks":21,"minecraft:iron_sword":56,"minecraft:torch":4,"minecraft:dirt":16,"minecraft:wooden_axe":4,"minecraft:lantern":1,"minecraft:iron_helmet":1,"minecraft:bow":36,"minecraft:sweet_berries":20,"tombstone:gift":2,"minecraft:calcite":1,"minecraft:cooked_mutton":5,"minecraft:stone_pickaxe":33,"minecraft:baked_potato":1,"minecraft:oak_planks":4,"minecraft:wooden_pickaxe":12,"bakery:sandwich":1,"minecraft:crafting_table":3,"minecraft:painting":3,"minecraft:diamond_pickaxe":19,"minecraft:bread":39,"tombstone:magic_scroll":1,"minecraft:stone_slab":1,"minecraft:spruce_trapdoor":1,"minecraft:stone_axe":23,"minecraft:cobblestone":6,"minecraft:purple_bed":1,"minecraft:yellow_bed":1},"minecraft:mined":{"minecraft:cobblestone_stairs":2,"minecraft:spruce_trapdoor":1,"minecraft:grass_block":1,"minecraft:spruce_leaves":1,"minecraft:hay_block":12,"minecraft:magma_block":1,"minecraft:fire":6,"iceandfire:gold_pile":6,"minecraft:iron_bars":2,"crittersandcompanions:silk_cocoon":1,"minecraft:stone":19,"minecraft:red_bed":1,"minecraft:crafting_table":1,"minecraft:andesite_wall":1,"minecraft:tall_grass":16,"minecraft:wall_torch":3,"minecraft:purple_bed":1,"minecraft:cobblestone_wall":1,"minecraft:sweet_berry_bush":19,"minecraft:spruce_log":7,"minecraft:birch_leaves":1,"minecraft:grass":25,"minecraft:coal_ore":24,"minecraft:oak_fence_gate":2,"minecraft:cobweb":7,"minecraft:stone_bricks":3,"minecraft:mossy_stone_bricks":1,"minecraft:oak_leaves":2,"minecraft:fern":2},"minecraft:custom":{"minecraft:inspect_dropper":1,"minecraft:mob_kills":33,"minecraft:interact_with_crafting_table":13,"minecraft:open_barrel":7,"minecraft:interact_with_campfire":14,"minecraft:leave_game":3,"minecraft:time_since_death":22414,"minecraft:climb_one_cm":6154,"minecraft:sprint_one_cm":597685,"minecraft:walk_one_cm":338506,"minecraft:drop":66,"minecraft:talked_to_villager":6,"minecraft:play_time":173547,"minecraft:deaths":6,"minecraft:sneak_time":1383,"minecraft:walk_under_water_one_cm":14868,"minecraft:boat_one_cm":18469,"minecraft:jump":3236,"minecraft:walk_on_water_one_cm":22161,"minecraft:total_world_time":173547,"minecraft:interact_with_furnace":8,"minecraft:traded_with_villager":1,"minecraft:sleep_in_bed":7,"minecraft:time_since_rest":642,"minecraft:damage_taken":3293,"minecraft:damage_dealt":4727,"minecraft:swim_one_cm":126541,"minecraft:fly_one_cm":1557482,"minecraft:open_chest":40,"minecraft:crouch_one_cm":2571,"tombstone:undead_killed":10,"minecraft:fall_one_cm":82073,"minecraft:inspect_dispenser":1,"minecraft:horse_one_cm":303},"minecraft:killed":{"alexsmobs:lobster":1,"minecraft:spider":1,"alexsmobs:seagull":1,"minecraft:horse":4,"minecraft:skeleton":2,"minecraft:drowned":1,"minecraft:pig":2,"minecraft:sheep":8,"minecraft:zombie":7,"minecraft:cow":6},"minecraft:crafted":{"minecraft:oak_planks":4,"minecraft:stone_pickaxe":1,"minecraft:wheat":108,"blue_skies:blue_journal":1,"minecraft:spruce_planks":32,"minecraft:wooden_pickaxe":1,"minecraft:iron_helmet":1,"minecraft:stone_axe":1,"minecraft:bread":36,"minecraft:iron_chestplate":1,"minecraft:stick":8,"minecraft:stone_sword":1},"minecraft:picked_up":{"minecraft:wooden_axe":1,"minecraft:crafting_table":3,"minecraft:clay_ball":3,"minecraft:stone_slab":1,"friendsandfoes:totem_of_illusion":2,"minecraft:stone_brick_wall":1,"minecraft:stone_brick_stairs":1,"minecraft:string":3,"minecraft:iron_leggings":1,"minecraft:gold_nugget":54,"minecraft:beef":13,"minecraft:calcite":1,"alexsmobs:raccoon_tail":2,"minecraft:light_gray_wool":1,"minecraft:spruce_trapdoor":1,"crittersandcompanions:clam":1,"iceandfire:dragonscales_gray":9,"minecraft:torch":9,"minecraft:spruce_stairs":3,"minecraft:porkchop":3,"minecraft:green_terracotta":3,"minecraft:arrow":2,"minecraft:rotten_flesh":9,"minecraft:hay_block":12,"iceandfire:fire_dragon_heart":1,"ars_nouveau:whirlisprig_shards":1,"minecraft:mutton":7,"minecraft:iron_bars":2,"minecraft:cobblestone":18,"minecraft:white_wool":6,"bakery:sandwich":1,"minecraft:feather":2,"minecraft:cooked_beef":13,"minecraft:leather":3,"minecraft:stripped_spruce_wood":1,"minecraft:oak_log":1,"minecraft:yellow_bed":1,"minecraft:gunpowder":2,"minecraft:cobblestone_stairs":1,"minecraft:dirt":19,"minecraft:lantern":1,"minecraft:cooked_mutton":5,"minecraft:bone":3,"minecraft:stone_bricks":4,"minecraft:wheat_seeds":2,"minecraft:rabbit_hide":2,"minecraft:stone_pickaxe":1,"minecraft:mossy_stone_bricks":2,"minecraft:iron_sword":1,"minecraft:book":2,"minecraft:cooked_porkchop":1,"minecraft:sweet_berries":33,"iceandfire:ash":1,"minecraft:gravel":1,"minecraft:spruce_sapling":1,"minecraft:spruce_log":7,"iceandfire:dragon_flute":1,"minecraft:sugar":1,"minecraft:purple_bed":1,"minecraft:diamond":2,"minecraft:stone_axe":1,"minecraft:iron_helmet":1,"minecraft:painting":3,"minecraft:bread":20,"alexsmobs:banana_slug_slime":2,"tombstone:magic_scroll":1,"minecraft:oak_sapling":1,"minecraft:black_wool":1,"minecraft:coal":25},"minecraft:dropped":{"minecraft:iron_ingot":3,"minecraft:bread":15,"minecraft:porkchop":2,"minecraft:wheat_seeds":1,"alexsmobs:banana_slug_slime":2,"crittersandcompanions:clam":1,"minecraft:cooked_beef":29,"minecraft:diamond":4,"minecraft:cooked_porkchop":1,"minecraft:feather":2,"minecraft:iron_helmet":1,"minecraft:book":5,"minecraft:leather":7,"friendsandfoes:totem_of_illusion":2,"minecraft:stick":1,"minecraft:emerald":6,"minecraft:dirt":1,"minecraft:torch":5,"minecraft:mutton":7,"minecraft:wooden_axe":1,"minecraft:iron_leggings":1,"minecraft:gold_nugget":54,"minecraft:golden_hoe":1,"iceandfire:ash":1,"minecraft:sugar":1,"minecraft:paper":4,"minecraft:string":7,"alexsmobs:raccoon_tail":2,"minecraft:white_wool":5,"minecraft:spruce_sapling":1,"minecraft:bone":2,"iceandfire:dragonscales_gray":9,"minecraft:stone_axe":2,"ars_nouveau:whirlisprig_shards":2,"minecraft:raw_iron":2,"minecraft:rotten_flesh":8,"minecraft:clay_ball":3,"minecraft:rabbit_hide":4,"minecraft:gunpowder":2,"minecraft:iron_chestplate":1,"minecraft:mossy_stone_bricks":1,"minecraft:stone_bricks":4,"iceandfire:fire_dragon_heart":1,"minecraft:iron_bars":2,"minecraft:arrow":1,"minecraft:stone_pickaxe":2,"minecraft:wooden_pickaxe":1,"iceandfire:manuscript":7}},"DataVersion":3465}