{"stats":{"minecraft:dropped":{"minecraft:bread":17,"minecraft:iron_sword":1,"ars_nouveau:worn_notebook":2,"alexsmobs:animal_dictionary":1,"minecraft:torch":2,"minecraft:glass_bottle":1},"minecraft:mined":{"minecraft:hay_block":16,"iceandfire:silver_ore":4,"minecraft:mossy_cobblestone":1,"minecraft:iron_ore":20,"minecraft:spruce_log":7,"minecraft:crafting_table":1,"minecraft:torch":4,"minecraft:grass":1,"minecraft:coal_ore":41,"minecraft:dirt":3,"minecraft:gravel":14,"minecraft:copper_ore":3,"minecraft:tall_grass":3,"minecraft:cobblestone":1,"minecraft:spruce_leaves":1,"minecraft:stone":152,"minecraft:infested_stone":1},"minecraft:killed":{"minecraft:zombie":1},"minecraft:crafted":{"iceandfire:silver_ingot":4,"minecraft:crafting_table":1,"minecraft:spruce_planks":28,"minecraft:stick":12,"minecraft:iron_ingot":11,"minecraft:wooden_pickaxe":1,"minecraft:stone_pickaxe":1,"minecraft:furnace":1,"iceandfire:silver_pickaxe":1,"minecraft:torch":8,"minecraft:stone_axe":1,"minecraft:bread":48,"minecraft:wheat":144},"minecraft:picked_up":{"minecraft:raw_iron":20,"minecraft:crafting_table":1,"minecraft:torch":6,"minecraft:gravel":22,"minecraft:potion":1,"minecraft:spruce_log":7,"minecraft:shield":1,"minecraft:mossy_cobblestone":1,"minecraft:dirt":3,"minecraft:raw_copper":12,"minecraft:rotten_flesh":2,"minecraft:spruce_boat":1,"minecraft:wheat_seeds":1,"ars_nouveau:worn_notebook":1,"minecraft:hay_block":16,"minecraft:crossbow":1,"minecraft:bread":17,"minecraft:coal":39,"minecraft:iron_sword":1,"iceandfire:raw_silver":4,"minecraft:cobblestone":153},"minecraft:custom":{"minecraft:time_since_rest":26328,"minecraft:interact_with_furnace":4,"minecraft:damage_taken":150,"minecraft:sprint_one_cm":32323,"minecraft:walk_one_cm":105005,"minecraft:mob_kills":1,"minecraft:drop":24,"minecraft:damage_dealt":200,"minecraft:interact_with_crafting_table":9,"minecraft:fly_one_cm":25348,"minecraft:open_chest":2,"minecraft:crouch_one_cm":930,"minecraft:play_time":36956,"tombstone:undead_killed":1,"minecraft:sneak_time":519,"minecraft:boat_one_cm":115650,"minecraft:jump":368,"minecraft:leave_game":2,"minecraft:time_since_death":36956,"minecraft:walk_on_water_one_cm":362,"minecraft:sleep_in_bed":2,"minecraft:total_world_time":36956,"minecraft:fall_one_cm":3896},"minecraft:used":{"iceandfire:silver_pickaxe":42,"minecraft:spruce_boat":1,"minecraft:stone_pickaxe":131,"minecraft:bread":2,"minecraft:wooden_pickaxe":59,"minecraft:iron_sword":3,"minecraft:gravel":3,"minecraft:stone_axe":1,"minecraft:torch":11,"minecraft:cobblestone":29,"minecraft:potion":1,"minecraft:crafting_table":2,"minecraft:furnace":1},"minecraft:broken":{"minecraft:stone_pickaxe":1,"minecraft:wooden_pickaxe":1}},"DataVersion":3465}