{"stats":{"minecraft:mined":{"iceandfire:silver_ore":1,"minecraft:spruce_log":45,"minecraft:grass":399,"minecraft:coal_ore":68,"minecraft:dirt":6,"minecraft:tall_grass":121,"minecraft:spruce_leaves":6,"minecraft:stone":157},"minecraft:custom":{"minecraft:time_since_rest":68246,"minecraft:sprint_one_cm":17269,"minecraft:damage_taken":640,"minecraft:walk_one_cm":289187,"minecraft:drop":4,"minecraft:damage_dealt":124,"minecraft:swim_one_cm":9072,"minecraft:interact_with_crafting_table":6,"minecraft:talked_to_villager":1,"minecraft:fly_one_cm":10126,"minecraft:open_chest":11,"minecraft:crouch_one_cm":459,"minecraft:play_time":80493,"minecraft:deaths":1,"minecraft:sneak_time":173,"minecraft:walk_under_water_one_cm":5576,"minecraft:jump":498,"minecraft:leave_game":5,"minecraft:time_since_death":70645,"minecraft:walk_on_water_one_cm":1505,"minecraft:climb_one_cm":494,"minecraft:total_world_time":80493,"minecraft:fall_one_cm":8926},"minecraft:crafted":{"minecraft:crafting_table":3,"minecraft:spruce_planks":128,"minecraft:stick":20,"minecraft:wooden_pickaxe":1,"minecraft:stone_pickaxe":5,"minecraft:wooden_axe":1,"minecraft:torch":20},"minecraft:used":{"minecraft:bread":5,"minecraft:stone_pickaxe":167,"minecraft:wooden_pickaxe":59,"minecraft:torch":3,"minecraft:dirt":7,"minecraft:crafting_table":3,"minecraft:spruce_log":12},"minecraft:picked_up":{"artifacts:night_vision_goggles":1,"minecraft:torch":2,"tombstone:grave_key":1,"minecraft:spruce_log":45,"minecraft:dirt":7,"minecraft:rotten_flesh":2,"minecraft:wheat_seeds":57,"minecraft:bread":17,"minecraft:coal":68,"iceandfire:raw_silver":1,"minecraft:cobblestone":154},"minecraft:broken":{"minecraft:stone_pickaxe":1,"minecraft:wooden_pickaxe":1},"minecraft:killed_by":{"minecraft:zombie":1},"minecraft:dropped":{"minecraft:torch":1,"tombstone:grave_key":1,"minecraft:wooden_axe":1,"minecraft:spruce_log":1}},"DataVersion":3465}