{"stats":{"minecraft:dropped":{"minecraft:torch":1,"tombstone:grave_key":1,"minecraft:wooden_axe":1,"minecraft:spruce_log":1},"minecraft:mined":{"iceandfire:silver_ore":1,"minecraft:spruce_log":45,"minecraft:grass":399,"minecraft:coal_ore":68,"minecraft:dirt":6,"minecraft:tall_grass":121,"minecraft:spruce_leaves":6,"minecraft:stone":132},"minecraft:killed_by":{"minecraft:zombie":1},"minecraft:crafted":{"minecraft:crafting_table":3,"minecraft:spruce_planks":128,"minecraft:stick":20,"minecraft:wooden_pickaxe":1,"minecraft:stone_pickaxe":5,"minecraft:wooden_axe":1,"minecraft:torch":20},"minecraft:picked_up":{"artifacts:night_vision_goggles":1,"minecraft:torch":2,"tombstone:grave_key":1,"minecraft:spruce_log":45,"minecraft:dirt":7,"minecraft:rotten_flesh":2,"minecraft:wheat_seeds":57,"minecraft:bread":17,"minecraft:coal":68,"iceandfire:raw_silver":1,"minecraft:cobblestone":130},"minecraft:custom":{"minecraft:time_since_rest":67360,"minecraft:sprint_one_cm":17269,"minecraft:walk_one_cm":287940,"minecraft:damage_taken":500,"minecraft:drop":4,"minecraft:damage_dealt":124,"minecraft:talked_to_villager":1,"minecraft:interact_with_crafting_table":6,"minecraft:swim_one_cm":9072,"minecraft:fly_one_cm":10126,"minecraft:open_chest":11,"minecraft:crouch_one_cm":457,"minecraft:play_time":79607,"minecraft:deaths":1,"minecraft:sneak_time":162,"minecraft:walk_under_water_one_cm":5576,"minecraft:jump":490,"minecraft:leave_game":3,"minecraft:time_since_death":69759,"minecraft:walk_on_water_one_cm":1505,"minecraft:total_world_time":79607,"minecraft:climb_one_cm":494,"minecraft:fall_one_cm":8926},"minecraft:used":{"minecraft:bread":3,"minecraft:stone_pickaxe":142,"minecraft:wooden_pickaxe":59,"minecraft:torch":2,"minecraft:dirt":7,"minecraft:crafting_table":3,"minecraft:spruce_log":12},"minecraft:broken":{"minecraft:stone_pickaxe":1,"minecraft:wooden_pickaxe":1}},"DataVersion":3465}